Workbook

Sheet Data
C5: INPUTS | E5: VALUE | F5: UNITS | H5: VARIABILITY
C6: General Data | H6: MIN | I6: MAX
C7: Avrg | D7: Inference time | E7: {=Variability!P7:P8} -> 6.07 | F7: sec/FU | H7: =1.1-0.22 -> 0.88 | I7: =5.85+0.22 -> 6.07 | J7: secs | K7: account for average human reaction speed
C8: UK | D8: CO2 intensity | E8: 268 | F8: gCO2eq/kWh | H8: 65 | I8: 268 | J8: =F8 -> gCO2eq/kWh
C9: Conversion Factors
C10: Sec | D10: per year | E10: =60*60*24*365.25 -> 31557600 | F10: sec/year | H10: 31557600 | I10: 31557600
C11: Devices Data
C12: Phone | D12: Lifespan | E12: =Variability!P12 -> 5 | F12: years | H12: =15/12 -> 1.25 | I12: =5 -> 5 | J12: years
D13: Daily use time | E13: 0.125 | F13: hh:mm | H13: ?? | I13: ?? | J13: hh:mm
D14: Power usage | E14: =[1]Variability!$P$14 -> 5 | F14: W | H14: 2 | I14: 5 | J14: W
D15: Market share | E15: 70.51 | F15: % | H15: =E15-2.71 -> 67.8 | I15: =E15 -> 70.51 | J15: %
C16: Laptop | D16: Lifespan | E16: =Variability!P16 -> 5 | F16: years | H16: 3 | I16: 5 | J16: years
D17: Daily use time | E17: 0.13055556 | F17: hh:mm | H17: ?? | I17: ?? | J17: hh:mm
D18: Power usage | E18: =Variability!P18 -> 100 | F18: W | H18: 20 | I18: 100 | J18: W
D19: Market share | E19: 29.49 | F19: % | H19: 29.49 | I19: 29.49 | J19: %
C20: Network Data
C21: General | D21: Tokens to chars | E21: 4 | F21: char/token | H21: 1 | I21: ??
D22: Chars to bytes | E22: {=Variability!P22:P23} -> 4 | F22: byte/char | H22: 1 | I22: 4 | J22: bytes
D23: Overhead | E23: 2 | F23: kB | H23: 1 | I23: 2 | J23: kB
D24: Energy intensity | E24: 0.059 | F24: kWh/GB | H24: Old metric, oldest data in webpage is from 2023
C25: Query | D25: Avrg tokens | E25: {=Variability!P25:P26} -> 37 | F25: tokens | H25: 10 | I25: 37 | J25: tokens
C26: Response | D26: Avrg tokens | E26: 1357 | F26: tokens | H26: 16 | I26: 1357 | J26: tokens
C27: Datacentre Data
C28: Embodied | D28: 6 year emissions | E28: 692 | F28: kgCO2eq | H28: No given bounds
C29: Operational | D29: Power usage | E29: 153 | F29: W
C30: Datacentre | D30: PUE | E30: 1.09 | F30: None

Sheet Devices
E2: PHONE
E3: DATA | F3: VALUE | G3: UNITS
E4: Lifespan | F4: =Data!E12 -> 5 | G4: =Data!F12 -> years
E5: Daily use time | F5: =Data!E13 -> 0.125 | G5: =Data!F13 -> hh:mm
E6: Power usage | F6: =Data!E14 -> 5 | G6: =Data!F14 -> W
E7: GWP per year | F7: 34.1 | G7: kgCO2eq/year
E8: Inference time | F8: =Data!E7 -> 6.07 | G8: =Data!F7 -> sec/FU
E9: Seconds per year | F9: {=Data!E10:F10} -> 31557600 | G9: sec/year
E10: Allocated emissions | F10: =F7*(F8/F9) -> 6.5590222e-06 | G10: kgCO2eq/FU
E12: LAPTOP
E13: DATA | F13: VALUE | G13: UNITS
E14: Lifespan | F14: {=Data!E16:F16} -> 5 | G14: years
E15: Daily use time | F15: {=Data!E17:F17} -> 0.13055556 | G15: hh:mm
E16: Daily use time | F16: =3 + (8/60) -> 3.1333333 | G16: hours
E17: Power usage | F17: {=Data!E18:F18} -> 100 | G17: W
E18: GWP per year | F18: 50.9 | G18: kgCO2eq/year
E19: Inference time | F19: =F8 -> 6.07 | G19: =G8 -> sec/FU
E20: Seconds per year | F20: =F9 -> 31557600 | G20: =G9 -> sec/year
E21: Allocated emissions | F21: =F18*(F19/F20) -> 9.7904467e-06 | G21: kgCO2eq/FU
E23: TOTAL
E24: DATA | F24: VALUE | G24: UNITS
E25: Phone share | F25: {=Data!E15:F15} -> 70.51 | G25: %
E26: Laptop share | F26: {=Data!E19:F19} -> 29.49 | G26: %
E27: g to kg | F27: 1000 | G27: g/kg
E28: Device GWP | F28: =(F10*(F25/100) + F21*(F26/100)) * F27 -> 0.0075119693 | G28: gCO2eq/FU

Sheet Network
E2: QUERY
E3: DATA | F3: VALUE | G3: UNITS
E4: Average Tokens | F4: =Data!E25 -> 37 | G4: tokens/FU
E5: Tokens to Chars | F5: {=Data!E21:F21} -> 4 | G5: char/token
E6: Chars to Bytes | F6: {=Data!E22:F22} -> 4 | G6: byte/char
E7: Overhead | F7: {=Data!E23:F23} -> 2 | G7: kB
E8: Bytes to kB | F8: 1000 | G8: byte/kB
E9: Packet size | F9: =(F4*F5*F6)/F8 + F7 -> 2.592 | G9: kB/FU
E11: RESPONSE
E12: DATA | F12: VALUE | G12: UNITS
E13: Average Tokens | F13: =Data!E26 -> 1357 | G13: tokens/FU
E14: Tokens to Chars | F14: =F5 -> 4 | G14: =G5 -> char/token
E15: Chars to Bytes | F15: =F6 -> 4 | G15: =G6 -> byte/char
E16: Overhead | F16: =F7 -> 2 | G16: =G7 -> kB
E17: Bytes to kB | F17: =F8 -> 1000 | G17: =G8 -> byte/kB
E18: Packet size | F18: =(F13*F14*F15)/F17 + F16 -> 23.712 | G18: kB/FU
E20: TOTAL
E21: DATA | F21: VALUE | G21: UNITS
E22: Total kB | F22: =F9+F18 -> 26.304 | G22: =G9 -> kB/FU
E23: UK energy intensity | F23: {=Data!E24:F24} -> 0.059 | G23: kWh/GB
E24: kB to GB | F24: 1000000 | G24: kB/GB
E25: Operational energy | F25: =F23*F22/F24 -> 1.551936e-06 | G25: kWh/FU
E26: UK CO2 intensity | F26: {=Data!E8:F8} -> 268 | G26: gCO2eq/kWh
E27: Network GWP | F27: =F25*F26 -> 0.00041591885 | G27: gCO2eq/FU

Sheet Datacentre
E3: EMBODIED
E4: DATA | F4: VALUE | G4: UNITS
E5: 6 years emissions | F5: =Data!E28 -> 692 | G5: kgCO2eq/6 years
E6: Seconds per year | F6: {=Data!E10:F10} -> 31557600 | G6: sec/year
E7: Emissions per sec | F7: =F5 / (6 *F6) -> 3.6546928e-06 | G7: kgCO2eq/sec
E8: Inference time | F8: =Data!E7 -> 6.07 | G8: =Devices!G8 -> sec/FU
E9: g to kg | F9: 1000 | G9: g/kg
E10: Embodied GWP | F10: =F7 * F8 * F9 -> 0.022183985 | G10: gCO2eq/FU
E12: OPERATIONAL
E13: DATA | F13: VALUE | G13: UNITS
E14: Power usage | F14: {=Data!E29:F29} -> 153 | G14: W
E15: PUE | F15: {=Data!E30:F30} -> 1.09 | G15: None
E16: {=E8:G8} -> Inference time | F16: 6.07 | G16: sec/FU
E17: Seconds per hour | F17: =60*60 -> 3600 | G17: sec/h
E18: Energy for FU | F18: =F14*F15*(F16/F17) -> 0.28119275 | G18: Wh/FU
E19: {=Network!E26:G26} -> UK CO2 intensity | F19: 268 | G19: gCO2eq/kWh
E20: W per kW | F20: 1000 | G20: W/kW
E21: Operational GWP | F21: =(F18/F20) * F19 -> 0.075359657 | G21: gCO2eq/FU | K21: =F10/F25 -> 0.22742626
K22: =F21/F25 -> 0.77257374
E23: TOTAL
E24: DATA | F24: VALUE | G24: UNITS
E25: Datacentre GWP | F25: =F21+F10 -> 0.097543642 | G25: gCO2eq/FU

Sheet Total
E3: TOTAL
E4: DATA | F4: VALUE | G4: UNITS
E5: {=Devices!E28:G28} -> Device GWP | F5: 0.0075119693 | G5: gCO2eq/FU
E6: {=Network!E27:G27} -> Network GWP | F6: 0.00041591885 | G6: gCO2eq/FU
E7: {=Datacentre!E25:G25} -> Datacentre GWP | F7: 0.097543642 | G7: gCO2eq/FU
E8: Total GWP | F8: =F5+F6+F7 -> 0.10547153 | G8: =G7 -> gCO2eq/FU
F11: =F5/F8 -> 0.07122272
F12: =F6/F8 -> 0.0039434229
F13: =F7/F8 -> 0.92483386
F17: =F13/F11 -> 12.985096
F18: =F13/F12 -> 234.52566

Sheet Variability
C5: INPUTS | E5: VALUE | F5: UNITS | H5: VARIABILITY
C6: General Data | H6: MIN | I6: MAX
C7: Avrg | D7: Inference time | E7: 2.54 | F7: sec/FU | H7: =1.1-0.22 -> 0.88 | I7: =5.85+0.22 -> 6.07 | J7: secs | K7: account for average human reaction speed | M7: Inference time | N7: =H7 -> 0.88 | O7: =E7 -> 2.54 | P7: =I7 -> 6.07 | R7: =(N7-O7)/O7 -> -0.65354331 | S7: =(P7-O7)/O7 -> 1.3897638
C8: UK | D8: CO2 intensity | E8: 181 | F8: gCO2eq/kWh | H8: 65 | I8: 268 | J8: =F8 -> gCO2eq/kWh | M8: UK CO2 intensity | N8: =H8 -> 65 | O8: =E8 -> 181 | P8: =I8 -> 268 | R8: =(N8-O8)/O8 -> -0.64088398 | S8: =(P8-O8)/O8 -> 0.48066298
C9: Conversion Factors | R9: =(N9-O9)/O9 -> #DIV/0! | S9: =(P9-O9)/O9 -> #DIV/0!
C10: Sec | D10: per year | E10: =60*60*24*365.25 -> 31557600 | F10: sec/year | H10: 31557600 | I10: 31557600 | N10: =H10 -> 31557600 | O10: =E10 -> 31557600 | P10: =I10 -> 31557600 | R10: =(N10-O10)/O10 -> 0 | S10: =(P10-O10)/O10 -> 0
C11: Devices Data
C12: Phone | D12: Lifespan | E12: 2.5 | F12: years | H12: =15/12 -> 1.25 | I12: =5 -> 5 | J12: years | M12: phone lifespan | N12: =H12 -> 1.25 | O12: =E12 -> 2.5 | P12: =I12 -> 5 | R12: =(N12-O12)/O12 -> -0.5 | S12: =(P12-O12)/O12 -> 1
D13: Daily use time | E13: 0.125 | F13: hh:mm | H13: ?? | I13: ?? | J13: hh:mm | N13: =H13 -> ?? | O13: =E13 -> 0.125 | P13: =I13 -> ??
D14: Power usage | E14: 2 | F14: W | H14: 2 | I14: 5 | J14: W | M14: phone power usage | N14: =H14 -> 2 | O14: =E14 -> 2 | P14: =I14 -> 5 | R14: =(N14-O14)/O14 -> 0 | S14: =(P14-O14)/O14 -> 1.5
D15: Market share | E15: 70.51 | F15: % | H15: =E15-2.71 -> 67.8 | I15: =E15 -> 70.51 | J15: % | M15: phone market share | N15: =H15 -> 67.8 | O15: =E15 -> 70.51 | P15: =I15 -> 70.51 | R15: =(N15-O15)/O15 -> -0.038434265 | S15: =(P15-O15)/O15 -> 0
C16: Laptop | D16: Lifespan | E16: 4 | F16: years | H16: 3 | I16: 5 | J16: years | M16: laptop lifespan | N16: =H16 -> 3 | O16: =E16 -> 4 | P16: =I16 -> 5 | R16: =(N16-O16)/O16 -> -0.25 | S16: =(P16-O16)/O16 -> 0.25
D17: Daily use time | E17: 0.13055556 | F17: hh:mm | H17: ?? | I17: ?? | J17: hh:mm | N17: =H17 -> ?? | O17: =E17 -> 0.13055556 | P17: =I17 -> ??
D18: Power usage | E18: 20 | F18: W | H18: 20 | I18: 100 | J18: W | M18: laptop power usage | N18: =H18 -> 20 | O18: =E18 -> 20 | P18: =I18 -> 100 | R18: =(N18-O18)/O18 -> 0 | S18: =(P18-O18)/O18 -> 4
D19: Market share | E19: 29.49 | F19: % | H19: 29.49 | I19: 29.49 | J19: % | M19: laptop market share | N19: =H19 -> 29.49 | O19: =E19 -> 29.49 | P19: =I19 -> 29.49 | R19: =(N19-O19)/O19 -> 0 | S19: =(P19-O19)/O19 -> 0
C20: Network Data
C21: General | D21: Tokens to chars | E21: 4 | F21: char/token | H21: 1 | I21: ?? | M21: tokens to chars | N21: =H21 -> 1 | O21: =E21 -> 4 | P21: =I21 -> ?? | R21: =(N21-O21)/O21 -> -0.75 | S21: =(P21-O21)/O21 -> #VALUE!
D22: Chars to bytes | E22: 4 | F22: byte/char | H22: 1 | I22: 4 | J22: bytes | M22: chars to bytes | N22: =H22 -> 1 | O22: =E22 -> 4 | P22: =I22 -> 4 | R22: =(N22-O22)/O22 -> -0.75 | S22: =(P22-O22)/O22 -> 0
D23: Overhead | E23: 1.5 | F23: kB | H23: 1 | I23: 2 | J23: kB | M23: overhead | N23: =H23 -> 1 | O23: =E23 -> 1.5 | P23: =I23 -> 2 | R23: =(N23-O23)/O23 -> -0.33333333 | S23: =(P23-O23)/O23 -> 0.33333333
D24: Energy intensity | E24: 0.059 | F24: kWh/GB | H24: Old metric, oldest data in webpage is from 2023 | I24: Old metric, oldest data in webpage is from 2023 | M24: energy intensity | N24: =H24 -> Old metric, oldest data in webpage is from 2023 | O24: =E24 -> 0.059 | P24: =I24 -> Old metric, oldest data in webpage is from 2023 | R24: =(N24-O24)/O24 -> #VALUE! | S24: =(P24-O24)/O24 -> #VALUE!
C25: Query | D25: Avrg tokens | E25: 18 | F25: tokens | H25: 10 | I25: 37 | J25: tokens | M25: Query tokens | N25: =H25 -> 10 | O25: =E25 -> 18 | P25: =I25 -> 37 | R25: =(N25-O25)/O25 -> -0.44444444 | S25: =(P25-O25)/O25 -> 1.0555556
C26: Response | D26: Avrg tokens | E26: 587 | F26: tokens | H26: 16 | I26: 1357 | J26: tokens | M26: Response tokens | N26: =H26 -> 16 | O26: =E26 -> 587 | P26: =I26 -> 1357 | R26: =(N26-O26)/O26 -> -0.97274276 | S26: =(P26-O26)/O26 -> 1.3117547
C27: Datacentre Data
C28: Embodied | D28: 6 year emissions | E28: 692 | F28: kgCO2eq | H28: No given bounds | N28: =H28 -> No given bounds | O28: =E28 -> 692 | P28: =I28 -> 0 | R28: =(N28-O28)/O28 -> #VALUE! | S28: =(P28-O28)/O28 -> -1
C29: Operational | D29: Power usage | E29: 153 | F29: W | N29: =H29 -> 0 | O29: =E29 -> 153 | P29: =I29 -> 0 | R29: =(N29-O29)/O29 -> -1 | S29: =(P29-O29)/O29 -> -1
C30: Datacentre | D30: PUE | E30: 1.09 | F30: None | N30: =H30 -> 0 | O30: =E30 -> 1.09 | P30: =I30 -> 0 | R30: =(N30-O30)/O30 -> -1 | S30: =(P30-O30)/O30 -> -1
