Workbook

Sheet Data
C5: INPUTS | E5: VALUE | F5: UNITS
C6: General Data
C7: Avrg | D7: Inference time | E7: 2.54 | F7: sec/FU
C8: UK | D8: CO2 intensity | E8: 181 | F8: gCO2eq/kWh
C9: Conversion Factors
C10: Sec | D10: per year | E10: =60*60*24*365.25 -> 31557600 | F10: sec/year
C11: Devices Data
C12: Phone | D12: Lifespan | E12: 2.5 | F12: years
D13: Daily use time | E13: 0.125 | F13: hh:mm
D14: Power usage | E14: 2 | F14: W
D15: Market share | E15: 70.51 | F15: %
C16: Laptop | D16: Lifespan | E16: 4 | F16: years
D17: Daily use time | E17: 0.13055556 | F17: hh:mm
D18: Power usage | E18: 20 | F18: W
D19: Market share | E19: 29.49 | F19: %
C20: Network Data
C21: General | D21: Tokens to chars | E21: 4 | F21: char/token
D22: Chars to bytes | E22: 4 | F22: byte/char
D23: Overhead | E23: 1.5 | F23: kB
D24: Energy intensity | E24: 0.059 | F24: kWh/GB
C25: Query | D25: Avrg tokens | E25: 18 | F25: tokens
C26: Response | D26: Avrg tokens | E26: 587 | F26: tokens
C27: Datacentre Data
C28: Embodied | D28: 6 year emissions | E28: 692 | F28: kgCO2eq
C29: Operational | D29: Power usage | E29: 153 | F29: W
C30: Datacentre | D30: PUE | E30: 1.09 | F30: None

Sheet Devices
E2: PHONE
E3: DATA | F3: VALUE | G3: UNITS
E4: Lifespan | F4: =Data!E12 -> 2.5 | G4: =Data!F12 -> years
E5: Daily use time | F5: =Data!E13 -> 0.125 | G5: =Data!F13 -> hh:mm
E6: Power usage | F6: =Data!E14 -> 2 | G6: =Data!F14 -> W
E7: GWP per year | F7: 34.1 | G7: kgCO2eq/year
E8: Inference time | F8: =Data!E7 -> 2.54 | G8: =Data!F7 -> sec/FU
E9: Seconds per year | F9: {=Data!E10:F10} -> 31557600 | G9: sec/year
E10: Allocated emissions | F10: =F7*(F8/F9) -> 2.744632e-06 | G10: kgCO2eq/FU
E12: LAPTOP
E13: DATA | F13: VALUE | G13: UNITS
E14: Lifespan | F14: {=Data!E16:F16} -> 4 | G14: years
E15: Daily use time | F15: {=Data!E17:F17} -> 0.13055556 | G15: hh:mm
E16: Daily use time | F16: =3 + (8/60) -> 3.1333333 | G16: hours
E17: Power usage | F17: {=Data!E18:F18} -> 20 | G17: W
E18: GWP per year | F18: 50.9 | G18: kgCO2eq/year
E19: Inference time | F19: =F8 -> 2.54 | G19: =G8 -> sec/FU
E20: Seconds per year | F20: =F9 -> 31557600 | G20: =G9 -> sec/year
E21: Allocated emissions | F21: =F18*(F19/F20) -> 4.0968261e-06 | G21: kgCO2eq/FU
E23: TOTAL
E24: DATA | F24: VALUE | G24: UNITS
E25: Phone share | F25: {=Data!E15:F15} -> 70.51 | G25: %
E26: Laptop share | F26: {=Data!E19:F19} -> 29.49 | G26: %
E27: g to kg | F27: 1000 | G27: g/kg
E28: Device GWP | F28: =(F10*(F25/100) + F21*(F26/100)) * F27 -> 0.0031433941 | G28: gCO2eq/FU

Sheet Network
E2: QUERY
E3: DATA | F3: VALUE | G3: UNITS
E4: Average Tokens | F4: =Data!E25 -> 18 | G4: tokens/FU
E5: Tokens to Chars | F5: {=Data!E21:F21} -> 4 | G5: char/token
E6: Chars to Bytes | F6: {=Data!E22:F22} -> 4 | G6: byte/char
E7: Overhead | F7: {=Data!E23:F23} -> 1.5 | G7: kB
E8: Bytes to kB | F8: 1000 | G8: byte/kB
E9: Packet size | F9: =(F4*F5*F6)/F8 + F7 -> 1.788 | G9: kB/FU
E11: RESPONSE
E12: DATA | F12: VALUE | G12: UNITS
E13: Average Tokens | F13: =Data!E26 -> 587 | G13: tokens/FU
E14: Tokens to Chars | F14: =F5 -> 4 | G14: =G5 -> char/token
E15: Chars to Bytes | F15: =F6 -> 4 | G15: =G6 -> byte/char
E16: Overhead | F16: =F7 -> 1.5 | G16: =G7 -> kB
E17: Bytes to kB | F17: =F8 -> 1000 | G17: =G8 -> byte/kB
E18: Packet size | F18: =(F13*F14*F15)/F17 + F16 -> 10.892 | G18: kB/FU
E20: TOTAL
E21: DATA | F21: VALUE | G21: UNITS
E22: Total kB | F22: =F9+F18 -> 12.68 | G22: =G9 -> kB/FU
E23: UK energy intensity | F23: {=Data!E24:F24} -> 0.059 | G23: kWh/GB
E24: kB to GB | F24: 1000000 | G24: kB/GB
E25: Operational energy | F25: =F23*F22/F24 -> 7.4812e-07 | G25: kWh/FU
E26: UK CO2 intensity | F26: {=Data!E8:F8} -> 181 | G26: gCO2eq/kWh
E27: Network GWP | F27: =F25*F26 -> 0.00013540972 | G27: gCO2eq/FU

Sheet Datacentre
E3: EMBODIED
E4: DATA | F4: VALUE | G4: UNITS
E5: 6 years emissions | F5: =Data!E28 -> 692 | G5: kgCO2eq/6 years
E6: Seconds per year | F6: {=Data!E10:F10} -> 31557600 | G6: sec/year
E7: Emissions per sec | F7: =F5 / (6 *F6) -> 3.6546928e-06 | G7: kgCO2eq/sec
E8: Inference time | F8: =Data!E7 -> 2.54 | G8: =Devices!G8 -> sec/FU
E9: g to kg | F9: 1000 | G9: g/kg
E10: Emissions GWP | F10: =F7 * F8 * F9 -> 0.0092829197 | G10: gCO2eq/FU
E12: OPERATIONAL
E13: DATA | F13: VALUE | G13: UNITS
E14: Power usage | F14: {=Data!E29:F29} -> 153 | G14: W
E15: PUE | F15: {=Data!E30:F30} -> 1.09 | G15: None
E16: {=E8:G8} -> Inference time | F16: 2.54 | G16: sec/FU
E17: Seconds per hour | F17: =60*60 -> 3600 | G17: sec/h
E18: Energy for FU | F18: =F14*F15*(F16/F17) -> 0.1176655 | G18: Wh/FU
E19: {=Network!E26:G26} -> UK CO2 intensity | F19: 181 | G19: gCO2eq/kWh
E20: W per kW | F20: 1000 | G20: W/kW
E21: Operational GWP | F21: =(F18/F20) * F19 -> 0.021297455 | G21: gCO2eq/FU
E23: TOTAL
E24: DATA | F24: VALUE | G24: UNITS
E25: Datacentre GWP | F25: =F21+F10 -> 0.030580375 | G25: gCO2eq/FU

Sheet Total
E3: TOTAL
E4: DATA | F4: VALUE | G4: UNITS
E5: {=Devices!E28:G28} -> Device GWP | F5: 0.0031433941 | G5: gCO2eq/FU
E6: {=Network!E27:G27} -> Network GWP | F6: 0.00013540972 | G6: gCO2eq/FU
E7: {=Datacentre!E25:G25} -> Datacentre GWP | F7: 0.030580375 | G7: gCO2eq/FU
E8: Total GWP | F8: =F5+F6+F7 -> 0.033859179 | G8: =G7 -> gCO2eq/FU
F11: =F5/F8 -> 0.09283728
F12: =F6/F8 -> 0.0039992027
F13: =F7/F8 -> 0.90316352
F17: =F13/F11 -> 9.7284574
F18: =F13/F12 -> 225.83589
